<?xml version="1.0"?>
<!--<!DOCTYPE metadata SYSTEM "http://www.esri.com/metadata/esriprof80.dtd">-->
<metadata xml:lang="en"><Esri><CreaDate>20111130</CreaDate><CreaTime>06343700</CreaTime><SyncOnce>TRUE</SyncOnce><MetaID>{B9C34C78-9DA0-4B93-80AF-9310839E3101}</MetaID></Esri><idinfo><citation><citeinfo><onlink Sync="TRUE">\\IGSAAAHMWSG318\D$\Coal_Fields_GIS\NCRA_Appalachian\Central\c9125st</onlink></citeinfo></citation></idinfo><distInfo><distributor><distorTran><onLineSrc><linkage Sync="TRUE">file://\\IGSAAAHMWSG318\D$\Coal_Fields_GIS\NCRA_Appalachian\Central\c9125st</linkage><protocol Sync="TRUE">Local Area Network</protocol></onLineSrc></distorTran></distributor></distInfo><dataqual><lineage><procstep><procdesc Sync="TRUE">Dataset copied.</procdesc><srcused Sync="TRUE">D:\Fireclay\firecly_elev</srcused><procdate Sync="TRUE">20090722</procdate><proctime Sync="TRUE">11061600</proctime></procstep><procstep><procdesc Sync="TRUE">Dataset copied.</procdesc><srcused Sync="TRUE">D:\tully\appalach\All_Appalach_shapes\firecly_elev</srcused><procdate Sync="TRUE">20110103</procdate><proctime Sync="TRUE">07480200</proctime></procstep><procstep><procdesc Sync="TRUE">Dataset copied.</procdesc><srcused Sync="TRUE">D:\Coal_Fields_GIS\Appalachian\firecly_elev</srcused><procdate Sync="TRUE">20111130</procdate><proctime Sync="TRUE">06343700</proctime></procstep><procstep><procdesc Sync="TRUE">Dataset moved.</procdesc><srcused Sync="TRUE">D:\Coal_Fields_GIS\NCRA_Appalachian\c9125st</srcused><procdate Sync="TRUE">20120307</procdate><proctime Sync="TRUE">10464300</proctime></procstep></lineage></dataqual></metadata>
