<?xml version="1.0"?>
<!--<!DOCTYPE metadata SYSTEM "http://www.esri.com/metadata/esriprof80.dtd">-->
<metadata xml:lang="en"><Esri><CreaDate>20111130</CreaDate><CreaTime>06344000</CreaTime><SyncOnce>TRUE</SyncOnce><MetaID>{F0C42CD2-8F98-4922-B97E-B4F3488342F3}</MetaID></Esri><idinfo><citation><citeinfo><onlink Sync="TRUE">\\IGSAAAHMWSG318\D$\Coal_Fields_GIS\NCRA_Appalachian\Central\c9120is</onlink></citeinfo></citation></idinfo><distInfo><distributor><distorTran><onLineSrc><linkage Sync="TRUE">file://\\IGSAAAHMWSG318\D$\Coal_Fields_GIS\NCRA_Appalachian\Central\c9120is</linkage><protocol Sync="TRUE">Local Area Network</protocol></onLineSrc></distorTran></distributor></distInfo><dataqual><lineage><procstep><procdesc Sync="TRUE">Dataset copied.</procdesc><srcused Sync="TRUE">D:\tully\appalach\All_Appalach_shapes\pond_thick</srcused><procdate Sync="TRUE">20110103</procdate><proctime Sync="TRUE">07482100</proctime></procstep><procstep><procdesc Sync="TRUE">Dataset copied.</procdesc><srcused Sync="TRUE">D:\Coal_Fields_GIS\Appalachian\pond_thick</srcused><procdate Sync="TRUE">20111130</procdate><proctime Sync="TRUE">06344000</proctime></procstep><procstep><procdesc Sync="TRUE">Dataset moved.</procdesc><srcused Sync="TRUE">D:\Coal_Fields_GIS\NCRA_Appalachian\c9120is</srcused><procdate Sync="TRUE">20120307</procdate><proctime Sync="TRUE">10463300</proctime></procstep></lineage></dataqual></metadata>
