<?xml version="1.0"?>
<!--<!DOCTYPE metadata SYSTEM "http://www.esri.com/metadata/esriprof80.dtd">-->
<metadata xml:lang="en"><Esri><CreaDate>20111130</CreaDate><CreaTime>06343900</CreaTime><SyncOnce>TRUE</SyncOnce><MetaID>{0A264F1F-7828-462B-AA8F-8AC5499BDEBA}</MetaID></Esri><idinfo><citation><citeinfo><onlink Sync="TRUE">\\IGSAAAHMWSG318\D$\Coal_Fields_GIS\NCRA_Appalachian\Northern\c9024st</onlink></citeinfo></citation></idinfo><distInfo><distributor><distorTran><onLineSrc><linkage Sync="TRUE">file://\\IGSAAAHMWSG318\D$\Coal_Fields_GIS\NCRA_Appalachian\Northern\c9024st</linkage><protocol Sync="TRUE">Local Area Network</protocol></onLineSrc></distorTran></distributor></distInfo><dataqual><lineage><procstep><procdesc Sync="TRUE">Dataset copied.</procdesc><srcused Sync="TRUE">D:\tully\appalach\All_Appalach_shapes\pitt_elev</srcused><procdate Sync="TRUE">20110103</procdate><proctime Sync="TRUE">07481400</proctime></procstep><procstep><procdesc Sync="TRUE">Dataset copied.</procdesc><srcused Sync="TRUE">D:\Coal_Fields_GIS\Appalachian\pitt_elev</srcused><procdate Sync="TRUE">20111130</procdate><proctime Sync="TRUE">06343900</proctime></procstep><procstep><procdesc Sync="TRUE">Dataset moved.</procdesc><srcused Sync="TRUE">D:\Coal_Fields_GIS\NCRA_Appalachian\c9024st</srcused><procdate Sync="TRUE">20120307</procdate><proctime Sync="TRUE">10445700</proctime></procstep></lineage></dataqual></metadata>
